{"user_id_str":"1034478294677250048","num_original_tweets":164,"num_pos_original_tweets":160,"avg_sentiment_compound":0.42496097560975604,"rate_pos_original_tweets":0.975609756097561,"connected_user_single":"1034478294677250048","num_original_tweets_interacting":855,"num_pos_tweets_interacting":838,"avg_sentiment_compound_interacting":0.39846538011695937,"rate_pos_tweets_interacting":0.9801169590643275}
{"user_id_str":"1072404907230060544","num_original_tweets":29,"num_pos_original_tweets":17,"avg_sentiment_compound":-0.10931724137931037,"rate_pos_original_tweets":0.5862068965517241,"connected_user_single":"1072404907230060544","num_original_tweets_interacting":830,"num_pos_tweets_interacting":243,"avg_sentiment_compound_interacting":-0.43292855421686616,"rate_pos_tweets_interacting":0.2927710843373494}
{"connected_user_single":"1149178590","num_original_tweets_interacting":1302,"num_pos_tweets_interacting":973,"avg_sentiment_compound_interacting":-0.04558463901689707,"rate_pos_tweets_interacting":0.7473118279569892}
{"user_id_str":"1156269110545793024","num_original_tweets":27,"num_pos_original_tweets":14,"avg_sentiment_compound":-0.012007407407407404,"rate_pos_original_tweets":0.5185185185185185,"connected_user_single":"1156269110545793024","num_original_tweets_interacting":968,"num_pos_tweets_interacting":708,"avg_sentiment_compound_interacting":0.017025413223140457,"rate_pos_tweets_interacting":0.731404958677686}
{"user_id_str":"1200355745600069635","num_original_tweets":16,"num_pos_original_tweets":13,"avg_sentiment_compound":0.10276249999999999,"rate_pos_original_tweets":0.8125,"connected_user_single":"1200355745600069635","num_original_tweets_interacting":886,"num_pos_tweets_interacting":760,"avg_sentiment_compound_interacting":0.08446207674943565,"rate_pos_tweets_interacting":0.8577878103837472}
{"connected_user_single":"1235177017441529861","num_original_tweets_interacting":896,"num_pos_tweets_interacting":896,"avg_sentiment_compound_interacting":0.0018805803571428571,"rate_pos_tweets_interacting":1.0}
{"user_id_str":"1240603506177748992","num_original_tweets":62,"num_pos_original_tweets":62,"avg_sentiment_compound":0.01825,"rate_pos_original_tweets":1.0,"connected_user_single":"1240603506177748992","num_original_tweets_interacting":869,"num_pos_tweets_interacting":869,"avg_sentiment_compound_interacting":0.0026041426927502875,"rate_pos_tweets_interacting":1.0}
{"user_id_str":"1282594694095134720","num_original_tweets":71,"num_pos_original_tweets":71,"avg_sentiment_compound":0.5160845070422535,"rate_pos_original_tweets":1.0,"connected_user_single":"1282594694095134720","num_original_tweets_interacting":674,"num_pos_tweets_interacting":674,"avg_sentiment_compound_interacting":0.5954440652818985,"rate_pos_tweets_interacting":1.0}
{"user_id_str":"1302006102364745728","num_original_tweets":3,"num_pos_original_tweets":3,"avg_sentiment_compound":0.49960000000000004,"rate_pos_original_tweets":1.0,"connected_user_single":"1302006102364745728","num_original_tweets_interacting":1290,"num_pos_tweets_interacting":1178,"avg_sentiment_compound_interacting":0.2048923255813954,"rate_pos_tweets_interacting":0.9131782945736434}
{"user_id_str":"130447415","num_original_tweets":38,"num_pos_original_tweets":38,"avg_sentiment_compound":0.8278947368421052,"rate_pos_original_tweets":1.0,"connected_user_single":"130447415","num_original_tweets_interacting":13385,"num_pos_tweets_interacting":13385,"avg_sentiment_compound_interacting":0.831176533433063,"rate_pos_tweets_interacting":1.0}
{"user_id_str":"1328954190","num_original_tweets":23,"num_pos_original_tweets":20,"avg_sentiment_compound":0.02650434782608695,"rate_pos_original_tweets":0.8695652173913043,"connected_user_single":"1328954190","num_original_tweets_interacting":890,"num_pos_tweets_interacting":714,"avg_sentiment_compound_interacting":0.15531943820224722,"rate_pos_tweets_interacting":0.802247191011236}
{"user_id_str":"1349579108187992071","num_original_tweets":17,"num_pos_original_tweets":17,"avg_sentiment_compound":0.6368999999999999,"rate_pos_original_tweets":1.0,"connected_user_single":"1349579108187992071","num_original_tweets_interacting":1490,"num_pos_tweets_interacting":1467,"avg_sentiment_compound_interacting":0.5203763758389247,"rate_pos_tweets_interacting":0.9845637583892617}
{"user_id_str":"1365337673074933765","num_original_tweets":4,"num_pos_original_tweets":4,"avg_sentiment_compound":0.1796,"rate_pos_original_tweets":1.0,"connected_user_single":"1365337673074933765","num_original_tweets_interacting":1241,"num_pos_tweets_interacting":1043,"avg_sentiment_compound_interacting":-0.09622530217566451,"rate_pos_tweets_interacting":0.8404512489927478}
{"user_id_str":"1409917553514848257","num_original_tweets":5,"num_pos_original_tweets":5,"avg_sentiment_compound":0.068,"rate_pos_original_tweets":1.0,"connected_user_single":"1409917553514848257","num_original_tweets_interacting":1178,"num_pos_tweets_interacting":1064,"avg_sentiment_compound_interacting":0.05793056027164674,"rate_pos_tweets_interacting":0.9032258064516129}
{"user_id_str":"1428048861520547842","num_original_tweets":61,"num_pos_original_tweets":36,"avg_sentiment_compound":0.1520606557377049,"rate_pos_original_tweets":0.5901639344262295,"connected_user_single":"1428048861520547842","num_original_tweets_interacting":756,"num_pos_tweets_interacting":600,"avg_sentiment_compound_interacting":0.33573955026455055,"rate_pos_tweets_interacting":0.7936507936507936}
{"user_id_str":"1432825944259973123","num_original_tweets":21,"num_pos_original_tweets":20,"avg_sentiment_compound":0.695109523809524,"rate_pos_original_tweets":0.9523809523809523,"connected_user_single":"1432825944259973123","num_original_tweets_interacting":1165,"num_pos_tweets_interacting":1058,"avg_sentiment_compound_interacting":0.30477939914163116,"rate_pos_tweets_interacting":0.9081545064377683}
{"user_id_str":"1441557548427927554","num_original_tweets":1,"num_pos_original_tweets":1,"avg_sentiment_compound":0.0,"rate_pos_original_tweets":1.0,"connected_user_single":"1441557548427927554","num_original_tweets_interacting":1502,"num_pos_tweets_interacting":1480,"avg_sentiment_compound_interacting":-2.7137150466045276E-4,"rate_pos_tweets_interacting":0.9853528628495339}
{"user_id_str":"1449414811436023812","num_original_tweets":16,"num_pos_original_tweets":12,"avg_sentiment_compound":0.47450625,"rate_pos_original_tweets":0.75,"connected_user_single":"1449414811436023812","num_original_tweets_interacting":924,"num_pos_tweets_interacting":805,"avg_sentiment_compound_interacting":0.42706915584415606,"rate_pos_tweets_interacting":0.8712121212121212}
{"user_id_str":"1451208655752282116","num_original_tweets":1,"num_pos_original_tweets":1,"avg_sentiment_compound":0.8083,"rate_pos_original_tweets":1.0,"connected_user_single":"1451208655752282116","num_original_tweets_interacting":1155,"num_pos_tweets_interacting":1140,"avg_sentiment_compound_interacting":0.5802781818181817,"rate_pos_tweets_interacting":0.987012987012987}
{"user_id_str":"1461279353518845952","num_original_tweets":36,"num_pos_original_tweets":36,"avg_sentiment_compound":0.5113805555555556,"rate_pos_original_tweets":1.0,"connected_user_single":"1461279353518845952","num_original_tweets_interacting":740,"num_pos_tweets_interacting":717,"avg_sentiment_compound_interacting":0.5059518918918919,"rate_pos_tweets_interacting":0.9689189189189189}
{"user_id_str":"1470439914953011204","num_original_tweets":33,"num_pos_original_tweets":25,"avg_sentiment_compound":0.1994969696969697,"rate_pos_original_tweets":0.7575757575757576,"connected_user_single":"1470439914953011204","num_original_tweets_interacting":1935,"num_pos_tweets_interacting":1697,"avg_sentiment_compound_interacting":0.24340191214470266,"rate_pos_tweets_interacting":0.8770025839793282}
{"user_id_str":"1483999454244274178","num_original_tweets":8,"num_pos_original_tweets":6,"avg_sentiment_compound":-9.99999999999987E-4,"rate_pos_original_tweets":0.75,